salmon.id,Tag,FieldLength_mm,LabLength_mm,fish_mass,FultonCondition,PBTHatcheryAssignment,Year,otolith.width.mic,oe_ow,oe.julian.day,cap.julian.day,oceanres.d,ocean.growth,Basin,Station.Code,Sample.Date,Otolith_Category
41143,YES,161,157,42,1.006402397,Clearwater,2018,2695.93,2695.93,145,146,1,NA,Snake,052618MC22,5/26/2018,1
35280,NO,120,114,14.6,0.844907429,Wild,2015,1949.99,1949.99,145,146,1,NA,Wild,052615MC14,5/26/2015,1
37145,YES,181,175,59.236,0.998964374,Pahsimeroi,2016,2801.63,2801.63,146,147,1,NA,Snake,052616MC20,5/26/2016,1
44591,YES,160,155,36.1,0.881347619,Clearwater,2021,2558.6,NA,142,143,1,NA,Snake,052321MC8,5/23/2021,1
44433,NO,135,133,21.8,0.886043763,Wild,2021,2256.7,NA,141,142,1,NA,Wild,052221MC2,5/22/2021,1
42503,YES,170,169,61.8,1.257887222,Carson,2019,2387.91,2387.91,137,139,2,NA,Mid,051919MC2,5/19/2019,1
42550,YES,133,132,23,0.977626383,Winthrop,2019,2475.72,2475.72,138,140,2,NA,Upper,052019MC7,5/20/2019,1
36727,YES,149,143,33.8,1.021781147,Sawtooth,2016,2454,2435,143,145,2,9.5,Snake,052416MC5,5/24/2016,1
40663,YES,151,145,33.7,0.978811513,Rapid River,2018,2296.86,2296.86,142,144,2,NA,Snake,052418MC6,5/24/2018,1
35333,YES,149,145,27.5,0.831330834,McCall,2015,2392.9,2392.9,144,146,2,NA,Snake,052615MC17,5/26/2015,1
36866,NO,112,106,11.5,0.818547285,Wild,2016,1953.24,1953.24,144,146,2,NA,Wild,052516MC12,5/25/2016,1
37358,YES,171,162,41.881,0.837584588,Clearwater,2016,2585.22,2585.22,146,148,2,NA,Snake,052716MC28,5/27/2016,1
37715,NO,140,132,27.4,0.99854226,Wild,2016,2228.82,2228.82,148,150,2,NA,Wild,052916MC38,5/29/2016,1
37792,NO,133,131,24.8,1.054136241,Wild,2016,2215.21,2215.21,148,150,2,NA,Wild,052916MC39,5/29/2016,1
38158,YES,166,162,42.7,0.933476993,Pahsimeroi,2016,2717.85,2717.85,149,151,2,NA,Snake,053016MC44,5/30/2016,1
44856,YES,150,148,40.3,1.194074051,Carson,2021,2435.3,NA,142,144,2,NA,Mid,052421MC12,5/24/2021,1
44785,NO,162,155,46.2,1.086668152,Wild,2021,2365.7,NA,142,144,2,NA,Wild,052421MC11,5/24/2021,1
42528,YES,151,NA,31.9,0.926530747,Carson,2019,2491.51,2491.51,136,139,3,NA,Mid,051919MC5,5/19/2019,2
42519,YES,145,140,31,1.016851859,Dworshak,2019,2193.11,2193.11,136,139,3,NA,Snake,051919MC5,5/19/2019,2
42512,YES,151,NA,41.3,1.199552339,Rapid River,2019,2436.39,2436.39,136,139,3,NA,Snake,051919MC4,5/19/2019,2
42515,YES,131,129,22.4,0.996400929,Sawtooth,2019,2321.28,2321.28,136,139,3,NA,Snake,051919MC5,5/19/2019,2
42525,NO,145,142,29,0.951248514,Wild,2019,2295.78,2295.78,136,139,3,NA,Wild,051919MC5,5/19/2019,2
42609,YES,151,150,31.3,0.909103825,Clearwater,2019,2575.94,2575.94,137,140,3,NA,Snake,052019MC8,5/20/2019,2
42603,YES,131,128,27.3,1.214363619,Rapid River,2019,2442.99,2442.99,137,140,3,NA,Snake,052019MC8,5/20/2019,2
36794,YES,132,127,21.4,0.930447711,Dworshak,2016,2127.27,2109.225297,142,145,3,6.014901,Snake,052416MC8,5/24/2016,2
42695,YES,141,139,24,0.85615797,Clearwater,2019,2435.42,2435.42,140,143,3,NA,Snake,052319MC12,5/23/2019,2
35077,YES,145,141,26.6,0.872524511,McCall,2015,2376.47,2376.47,141,144,3,NA,Snake,052415MC5,5/24/2015,2
40499,YES,150,145,32.3,0.957037014,McCall,2018,2553.69,2553.69,141,144,3,NA,Snake,052418MC3,5/24/2018,2
40504,YES,132,125,22.4,0.973926577,Pahsimeroi,2018,2328.13,2328.13,141,144,3,NA,Snake,052418MC3,5/24/2018,2
40696,YES,137,135,26.2,1.018918863,Rapid River,2018,2424.4,2424.4,141,144,3,NA,Snake,052418MC7,5/24/2018,2
40475,YES,167,162,49.2,1.056369117,Sawtooth,2018,2707.9,2707.9,141,144,3,NA,Snake,052418MC2,5/24/2018,2
40620,YES,153,150,37.9,1.058193123,Sawtooth,2018,2295.74,2295.74,141,144,3,NA,Snake,052418MC5,5/24/2018,2
SBS61,YES,146,141,28.2,0.906130091,Sawtooth,2018,2301.71,2301.71,141,144,3,NA,Snake,052418SBSMC3,5/24/2018,2
36769,YES,163,156,38.3,0.884373971,Clearwater,2016,2701.2,2701.2,142,145,3,NA,Snake,052416MC7,5/24/2016,2
36783,YES,153,148,21.5,0.600294228,Clearwater,2016,2487.18,2487.18,142,145,3,NA,Snake,052416MC8,5/24/2016,2
36665,YES,117,101,14.6,0.911581036,Leavenworth,2016,2181.19,2181.19,142,145,3,NA,Upper,052416MC2,5/24/2016,2
35132,YES,148,143,24.4,0.752670116,McCall,2015,2393.25,2393.25,142,145,3,NA,Snake,052515MC10,5/25/2015,2
35267,YES,137,136,21.2,0.824468704,McCall,2015,2318.73,2318.73,142,145,3,NA,Snake,052515MC12,5/25/2015,2
35130,YES,151,150,28.4,0.824873767,Methow,2015,2381.76,2381.76,142,145,3,NA,Upper ,052515MC10,5/25/2015,2
36666,YES,152,148,36.3,1.033655577,Pahsimeroi,2016,2560.54,2560.54,142,145,3,NA,Snake,052416MC2,5/24/2016,2
36689,YES,170,162,51,1.038062284,Pahsimeroi,2016,2661.48,2661.48,142,145,3,NA,Snake,052416MC3,5/24/2016,2
40952,YES,161,155,47,1.126212206,Pahsimeroi,2018,2564.1,2564.1,142,145,3,NA,Snake,052518MC15,5/25/2018,2
36646,YES,158,151,37.5,0.950736149,Rapid River,2016,2619.53,2619.53,142,145,3,NA,Snake,052416MC2,5/24/2016,2
36688,YES,145,140,27.2,0.892205528,Sawtooth,2016,2245,2245,142,145,3,NA,Snake,052416MC3,5/24/2016,2
35173,NO,135,135,23.1,0.938881284,Wild,2015,2059.83,2059.83,142,145,3,NA,Wild,052515MC11,5/25/2015,2
40942,NO,122,NA,18.4,1.013300652,Wild,2018,1924.64,1924.64,142,145,3,NA,Wild,052518MC15,5/25/2018,2
36810,YES,153,148,33.9,0.946510476,Clearwater,2016,2500,2500,143,146,3,NA,Snake,052516MC9,5/25/2016,2
36882,YES,143,139,26,0.889129942,Dworshak,2016,2306.41,2306.41,143,146,3,NA,Snake,052516MC12,5/25/2016,2
35373,YES,160,144,29.1,0.710449228,McCall,2015,2378.47,2378.47,143,146,3,NA,Snake,052615MC18,5/26/2015,2
35459,YES,152,149,28.9,0.822937917,McCall,2015,2585.13,2585.13,143,146,3,NA,Snake,052615MC20,5/26/2015,2
36860,YES,162,152,37.28,0.876861274,McCall,2016,2593.25,2593.25,143,146,3,NA,Snake,052516MC11,5/25/2016,2
36876,YES,148,145,27,0.832872683,McCall,2016,2411.45,2411.45,143,146,3,NA,Snake,052516MC12,5/25/2016,2
36812,YES,152,147,34.2,0.973857362,Rapid River,2016,2491.51,2491.51,143,146,3,NA,Snake,052516MC9,5/25/2016,2
36813,YES,146,140,29.5,0.94790202,Rapid River,2016,2330,2330,143,146,3,NA,Snake,052516MC9,5/25/2016,2
36818,YES,144,140,29.4,0.984600039,Rapid River,2016,2460.97,2460.97,143,146,3,NA,Snake,052516MC9,5/25/2016,2
36886,YES,173,167,55.6,1.073832318,Rapid River,2016,2599.54,2599.54,143,146,3,NA,Snake,052516MC12,5/25/2016,2
36905,YES,137,134,25,0.972250796,Rapid River,2016,2387.75,2387.75,143,146,3,NA,Snake,052516MC12,5/25/2016,2
36870,YES,143,138,26.185,0.895456425,Sawtooth,2016,2212.26,2212.26,143,146,3,NA,Snake,052516MC12,5/25/2016,2
35327,NO,120,118,14.7,0.850694433,Wild,2015,2009.04,2009.04,143,146,3,NA,Wild,052615MC17,5/26/2015,2
36848,NO,151,143,34.604,1.005068039,Wild,2016,2340.6,2340.6,143,146,3,NA,Wild,052516MC10,5/25/2016,2
37308,YES,158,155,37.6,0.953271406,Clearwater,2016,2475.27,2475.27,145,148,3,NA,Snake,052716MC27,5/27/2016,2
41502,YES,188,180,70,1.053475627,Dworshak,2018,2667.47,2667.47,145,148,3,NA,Snake,052818MC38,5/28/2018,2
37304,YES,158,153,37.362,0.947237427,McCall,2016,2470.26,2470.26,145,148,3,NA,Snake,052716MC27,5/27/2016,2
37306,YES,158,142,32.388,0.821131809,McCall,2016,2555.62,2555.62,145,148,3,NA,Snake,052716MC27,5/27/2016,2
37354,YES,166,161,45.856,1.002471178,Rapid River,2016,2528.86,2528.86,145,148,3,NA,Snake,052716MC28,5/27/2016,2
37307,YES,145,139,30.371,0.996219554,Sawtooth,2016,2485.85,2485.85,145,148,3,NA,Snake,052716MC27,5/27/2016,2
37471,YES,133,130,20.743,0.881691482,Dworshak,2016,2319.42,2319.42,146,149,3,NA,Snake,052816MC34,5/28/2016,2
37415,YES,168,165,44.1,0.930059492,Rapid River,2016,2692.45,2692.45,146,149,3,NA,Snake,052816MC30,5/28/2016,2
37417,YES,172,172,51.2,1.006200727,Rapid River,2016,2586.21,2586.21,146,149,3,NA,Snake,052816MC30,5/28/2016,2
37439,YES,155,149,37.271,1.000866031,Rapid River,2016,2473.21,2473.21,146,149,3,NA,Snake,052816MC32,5/28/2016,2
37456,YES,152,145,32.3,0.919754133,Rapid River,2016,2481.53,2481.53,146,149,3,NA,Snake,052816MC33,5/28/2016,2
37936,YES,157,150,37.2,0.961266907,Methow,2016,2303.29,2303.29,147,150,3,NA,Upper,052916MC41,5/29/2016,2
38338,YES,167,162,47.2,1.013427284,Rapid River,2016,2555.92,2555.92,148,151,3,NA,Snake,053016MC47,5/30/2016,2
44798,YES,150,147,33.3,0.986666644,Clearwater,2021,2555.7,NA,141,144,3,NA,Snake,052421MC11,5/24/2021,2
45018,YES,148.8443,145,33.8,1.024991034,Clearwater,2021,2565,NA,141,144,3,NA,Snake,052421MC15,5/24/2021,2
44389,YES,138.5851,135,26,0.976840662,Dworshak,2021,2130.3,NA,139,142,3,NA,Snake,052221MC1,5/22/2021,2
44409,YES,142,140,22.3,0.778824877,Dworshak,2021,2446,NA,139,142,3,NA,Snake,052221MC2,5/22/2021,2
44435,YES,158.07758,154,37.2,0.941742375,Dworshak,2021,2614.6,NA,139,142,3,NA,Snake,052221MC2,5/22/2021,2
44790,YES,147,142,32.2,1.013687002,Dworshak,2021,NA,NA,141,144,3,NA,Snake,052421MC11,5/24/2021,2
44787,YES,165,160,44.1,0.981717973,Pahsimeroi,2021,2352.4,NA,141,144,3,NA,Snake,052421MC11,5/24/2021,2
44436,YES,147.81838,144,27.8,0.860715193,Rapid River,2021,2379.7,NA,139,142,3,NA,Snake,052221MC2,5/22/2021,2
44437,YES,134.48142,131,21.7,0.892221924,Rapid River,2021,2339.4,NA,139,142,3,NA,Snake,052221MC2,5/22/2021,2
44492,YES,152,148,32,0.911211547,Rapid River,2021,2299.2,NA,140,143,3,NA,Snake,052321MC3,5/23/2021,2
44972,YES,165,157,43.5,0.968361299,Rapid River,2021,2413.6,NA,141,144,3,NA,Snake,052421MC15,5/24/2021,2
45016,YES,153.9739,150,38.1,1.043719092,Rapid River,2021,2249.3,NA,141,144,3,NA,Snake,052421MC15,5/24/2021,2
44796,NO,149,143,37.9,1.145725086,Wild,2021,2179.3,NA,141,144,3,NA,Wild,052421MC11,5/24/2021,2
44799,NO,125,122,20.5,1.0496,Wild,2021,1995.9,NA,141,144,3,NA,Wild,052421MC11,5/24/2021,2
42516,YES,158,156,35.6,0.902565478,Clearwater,2019,2487.82,2487.82,135,139,4,NA,Snake,051919MC5,5/19/2019,2
42506,YES,167,163,46.7,1.002691825,Little White Salmon,2019,2304.8,2304.8,135,139,4,NA,Mid,051919MC3,5/19/2019,2
42531,YES,151,147,33.9,0.984620505,Clearwater,2019,2592.24,2592.24,136,140,4,NA,Snake,052019MC7,5/20/2019,2
42547,YES,156,156,39.2,1.032552828,Clearwater,2019,2599.58,2599.58,136,140,4,NA,Snake,052019MC7,5/20/2019,2
42548,YES,153,152,35.7,0.996767646,Clearwater,2019,2618.24,2618.24,136,140,4,NA,Snake,052019MC7,5/20/2019,2
42555,YES,156,155,33.3,0.877143054,Clearwater,2019,2572.82,2572.82,136,140,4,NA,Snake,052019MC7,5/20/2019,2
42553,YES,138,136,25.4,0.966487966,Dworshak,2019,2232.71,2232.71,136,140,4,NA,Snake,052019MC7,5/20/2019,2
42580,YES,138,138,25.5,0.970293051,Winthrop,2019,2283.53,2283.53,136,140,4,NA,Upper,052019MC7,5/20/2019,2
36880,YES,145,137,28.6,0.938127857,Pahsimeroi,2016,2361,2323.395857,142,146,4,9.401,Snake,052516MC12,5/25/2016,2
42639,YES,152,150,32.9,0.936839415,Dworshak,2019,2545.24,2545.24,139,143,4,NA,Snake,052319MC10,5/23/2019,2
34968,YES,170,166,46.7,0.950539401,McCall,2015,2813.54,2813.54,140,144,4,NA,Snake,052415MC1,5/24/2015,2
40470,YES,149,148,33.1,1.000619976,McCall,2018,2435.83,2435.83,140,144,4,NA,Snake,052418MC2,5/24/2018,2
40471,YES,146,141,30.4,0.976821052,McCall,2018,2352.23,2352.23,140,144,4,NA,Snake,052418MC2,5/24/2018,2
40548,YES,146,144,26.8,0.861144861,McCall,2018,2356.84,2356.84,140,144,4,NA,Snake,052418MC4,5/24/2018,2
SBS140,YES,149,149,34.9,1.05503445,Pahsimeroi,2018,2476.02,2476.02,140,144,4,NA,Snake,052418SBSMC6,5/24/2018,2
SBS24,YES,157,153,41.3,1.06721295,Pahsimeroi,2018,2619.59,2619.59,140,144,4,NA,Snake,052418SBSMC3,5/24/2018,2
SBS51,YES,152,151,37.7,1.073521125,Pahsimeroi,2018,2875.2,2875.2,140,144,4,NA,Snake,052418SBSMC3,5/24/2018,2
40547,YES,138,137,25.8,0.981708235,Rapid River,2018,2341.96,2341.96,140,144,4,NA,Snake,052418MC4,5/24/2018,2
40613,YES,137,135,24.3,0.945027744,Rapid River,2018,2223.89,2223.89,140,144,4,NA,Snake,052418MC5,5/24/2018,2
40617,YES,135,132,24.1,0.979525494,Rapid River,2018,2179.29,2179.29,140,144,4,NA,Snake,052418MC5,5/24/2018,2
40488,YES,158,151,40,1.014118559,Sawtooth,2018,2556.09,2556.09,140,144,4,NA,Snake,052418MC3,5/24/2018,2
SBS17,YES,152,150,36.4,1.036503178,Sawtooth,2018,2391.28,2391.28,140,144,4,NA,Snake,052418SBSMC3,5/24/2018,2
SBS77,YES,138,135,28.6,1.08825026,Sawtooth,2018,2292.86,2292.86,140,144,4,NA,Snake,052418SBSMC3,5/24/2018,2
35011,NO,120,122,16.8,0.972222178,Wild,2015,1887.97,1887.97,140,144,4,NA,Wild,052415MC4,5/24/2015,2
SBS9,NO,142,137,34.2,1.194431044,Wild,2018,2173.92,2173.92,140,144,4,NA,Wild,052418SBSMC3,5/24/2018,2
37437,YES,158,152,40.89,1.036682681,McCall,2016,2452,2432.312114,145,149,4,4.922,Snake,052816MC32,5/28/2016,2
36711,YES,148,142,28.2,0.86988927,Clearwater,2016,2548.4,2548.4,141,145,4,NA,Snake,052416MC4,5/24/2016,2
36662,YES,144,139,24.6,0.823849035,McCall,2016,2176.65,2176.65,141,145,4,NA,Snake,052416MC2,5/24/2016,2
36777,YES,129,124,17.6,0.819867264,McCall,2016,2150,2150,141,145,4,NA,Snake,052416MC8,5/24/2016,2
36793,YES,145,139,24.8,0.813481463,McCall,2016,2256.64,2256.64,141,145,4,NA,Snake,052416MC8,5/24/2016,2
36763,YES,164,158,45.9,1.040593613,Pahsimeroi,2016,2621.13,2621.13,141,145,4,NA,Snake,052416MC7,5/24/2016,2
36779,YES,156,147,39.4,1.037820974,Pahsimeroi,2016,2567.53,2567.53,141,145,4,NA,Snake,052416MC8,5/24/2016,2
36655,YES,148,141,28.9,0.89148223,Rapid River,2016,2477.43,2477.43,141,145,4,NA,Snake,052416MC2,5/24/2016,2
36686,YES,148,142,27.3,0.8421268,Rapid River,2016,2567.77,2567.77,141,145,4,NA,Snake,052416MC3,5/24/2016,2
36749,YES,171,167,45.8,0.915961331,Rapid River,2016,2704.8,2704.8,141,145,4,NA,Snake,052416MC6,5/24/2016,2
36760,YES,144,138,27.3,0.914271451,Rapid River,2016,2481.26,2481.26,141,145,4,NA,Snake,052416MC7,5/24/2016,2
36762,YES,170,159,42.7,0.869122751,Rapid River,2016,2522,2522,141,145,4,NA,Snake,052416MC7,5/24/2016,2
35254,YES,140,144,25.6,0.93294462,Sawtooth,2015,2445.31,2445.31,141,145,4,NA,Snake,052515MC12,5/25/2015,2
35277,YES,134,131,19.2,0.797970527,Sawtooth,2015,2434.93,2434.93,141,145,4,NA,Snake,052515MC13,5/25/2015,2
36650,YES,149,132,27.1,0.81923876,Sawtooth,2016,2243.8,2243.8,141,145,4,NA,Snake,052416MC2,5/24/2016,2
36726,YES,147,140,28.5,0.897207418,Sawtooth,2016,2399.02,2399.02,141,145,4,NA,Snake,052416MC5,5/24/2016,2
35186,NO,113,112,12.3,0.852451713,Wild,2015,1930,1930,141,145,4,NA,Wild,052515MC11,5/25/2015,2
36638,NO,123,117,18.1,0.972664913,Wild,2016,2012.6,2012.6,141,145,4,NA,Wild,052416MC2,5/24/2016,2
40943,NO,140,135,26.6,0.969387769,Wild,2018,2209.24,2209.24,141,145,4,NA,Wild,052518MC15,5/25/2018,2
36872,YES,132,130,21.517,0.935534764,Dworshak,2016,2260.72,2260.72,142,146,4,NA,Snake,052516MC12,5/25/2016,2
35282,YES,135,129,19.4,0.788497673,Lookingglass,2015,2234.11,2234.11,142,146,4,NA,Snake,052615MC14,5/26/2015,2
35450,YES,142,138,21.9,0.764854937,Lookingglass,2015,2385.11,2385.11,142,146,4,NA,Snake,052615MC20,5/26/2015,2
35281,YES,168,162,42.5,0.896315868,Lyons Ferry,2015,2465.37,2465.37,142,146,4,NA,Snake,052615MC14,5/26/2015,2
36821,YES,147,142,30.6,0.963317451,Pahsimeroi,2016,2409.79,2409.79,142,146,4,NA,Snake,052516MC9,5/25/2016,2
SBS268,YES,151,148,34.4,0.999142931,Rapid River,2018,2347.53,2347.53,142,146,4,NA,Snake,052618SBSMC20,5/26/2018,2
35367,YES,129,129,18.9,0.880425605,Sawtooth,2015,2321.57,2321.57,142,146,4,NA,Snake,052615MC18,5/26/2015,2
35295,NO,135,129,22.6,0.918559178,Wild,2015,2252.78,2252.78,142,146,4,NA,Wild,052615MC16,5/26/2015,2
36857,NO,142,135,26.7,0.932494418,Wild,2016,2294.77,2294.77,142,146,4,NA,Wild,052516MC11,5/25/2016,2
35591,YES,118,114,13.8,0.839910616,Dworshak,2015,2065,2065,143,147,4,NA,Snake,052715MC22,5/27/2015,2
37197,YES,143,141,27.18,0.929482773,Lookingglass,2016,2415.31,2415.31,143,147,4,NA,Snake,052616MC22,5/26/2016,2
37351,YES,151,146,31,0.900390392,Carson,2016,2551.35,2551.35,144,148,4,NA,Mid,052716MC28,5/27/2016,2
37389,YES,179,173,58.7,1.023479183,Rapid River,2016,2547.25,2547.25,144,148,4,NA,Snake,052716MC29,5/27/2016,2
37409,YES,163,160,41.9,0.967500561,Clearwater,2016,2657.9,2657.9,145,149,4,NA,Snake,052816MC30,5/28/2016,2
37540,YES,155,147,34.576,0.928495189,Clearwater,2016,2507.72,2507.72,145,149,4,NA,Snake,052816MC35,5/28/2016,2
37403,YES,145,140,27.804,0.912017678,Rapid River,2016,2426.77,2426.77,145,149,4,NA,Snake,052816MC30,5/28/2016,2
37432,NO,152,145,36.3,1.033655577,Wild,2016,2404,2404,145,149,4,NA,Wild,052816MC32,5/28/2016,2
37937,YES,150,139,31.5,0.933333333,Rapid River,2016,2589.85,2589.85,146,150,4,NA,Snake,052916MC41,5/29/2016,2
38240,YES,165,161,46.6,1.037370921,Pahsimeroi,2016,2502.71,2502.71,147,151,4,NA,Snake,053016MC45,5/30/2016,2
38154,YES,170,165,45,0.915937309,Rapid River,2016,2637.59,2637.59,147,151,4,NA,Snake,053016MC44,5/30/2016,2
38160,YES,170,165,49,0.997353959,Rapid River,2016,2698.72,2698.72,147,151,4,NA,Snake,053016MC44,5/30/2016,2
45034,YES,169.3627,165,55.5,1.142456511,Chief Joseph,2021,2752.4,NA,140,144,4,NA,Upper,052421MC15,5/24/2021,2
44539,YES,142.68878,139,26.2,0.90184485,Clearwater,2021,2520.1,NA,139,143,4,NA,Snake,052321MC3,5/23/2021,2
45033,YES,162.18126,158,44,1.031455904,Clearwater,2021,2667.6,NA,140,144,4,NA,Snake,052421MC15,5/24/2021,2
44568,YES,145.76654,142,33.6,1.08484008,Dworshak,2021,2298.2,NA,139,143,4,NA,Snake,052321MC3,5/23/2021,2
44431,YES,130,130,20,0.910332271,Leavenworth,2021,2174.3,NA,138,142,4,NA,Upper,052221MC2,5/22/2021,2
45067,YES,164,155,44.8,1.015655588,Little White Salmon,2021,2498.2,NA,141,145,4,NA,Mid,052521MC17,5/25/2021,2
44424,YES,135,132,21.8,0.886043763,Rapid River,2021,2186,NA,138,142,4,NA,Snake,052221MC2,5/22/2021,2
44472,YES,151,144,30.5,0.885867966,Rapid River,2021,1827.6,NA,139,143,4,NA,Snake,052321MC3,5/23/2021,2
44506,YES,152,152,37,1.053588351,Rapid River,2021,2564.6,NA,139,143,4,NA,Snake,052321MC3,5/23/2021,2
44509,YES,167,161,42.2,0.9060727,Rapid River,2021,2513.1,NA,139,143,4,NA,Snake,052321MC3,5/23/2021,2
44569,YES,146.79246,143,33.6,1.062253111,Rapid River,2021,2240.3,NA,139,143,4,NA,Snake,052321MC3,5/23/2021,2
44405,YES,144,137,25,0.837244942,Sawtooth,2021,2355.9,NA,138,142,4,NA,Snake,052221MC2,5/22/2021,2
44414,YES,148,147,30.5,0.94083766,Sawtooth,2021,2338.3,NA,138,142,4,NA,Snake,052221MC2,5/22/2021,2
44419,YES,150,146,31,0.918518519,Sawtooth,2021,2432.9,NA,138,142,4,NA,Snake,052221MC2,5/22/2021,2
44563,YES,133.4555,130,23.6,0.992893299,Rapid River,2021,2351,2321.494,138,143,5.269,5.6,Snake,052321MC3,5/23/2021,3
44535,YES,133.4555,130,25.9,1.08965829,Winthrop,2021,2391.7,2358.468,138,143,5.035,6.6,Upper,052321MC3,5/23/2021,3
45081,YES,189,180,60.7,0.899090242,Little White Salmon,2021,3163,3121.765,140,145,5.029,8.2,Mid,052521MC17,5/25/2021,3
45219,YES,166.28494,162,54.5,1.185325829,Little White Salmon,2021,2402.9,2263.005,108,145,36.517,3.831,Mid,052521MC20,5/25/2021,3
45035,YES,148.8443,145,36.5,1.106869041,Sawtooth,2021,2576.4,2542.008,138,144,5.563,6.182,Snake,052421MC15,5/24/2021,3
45738,NO,156.02574,152,48.9,1.287419609,Wild,2021,2383.8,2367.72,140,146,5.527,2.909,Wild,052621MC28,5/26/2021,3
44776,YES,138.5851,135,31.8,1.194751243,Leavenworth,2021,2281.5,2115.129,121,144,22.788,6.182,Upper,052421MC10,5/24/2021,3
42679,YES,128,125,22.3,1.063346826,Dworshak,2019,2244.09,1997,137,143,6,8.564,Snake,052319MC11,5/23/2019,3
44497,YES,158,152,36.2,0.917777315,McCall,2021,2589.9,2532.893,137,143,5.897,9.667,Snake,052321MC3,5/23/2021,3
41023,YES,173,167,59.1,1.141429678,Rapid River,2018,2547.75,2524.268433,140,146,6,3.9135945,Snake,052618MC17,5/26/2018,3
37386,YES,146,144,27.3,0.877210997,Rapid River,2016,2305,2256.371308,142,148,6,8.104782,Snake,052716MC29,5/27/2016,3
37399,NO,118,113,16.3,0.992068276,Wild,2016,1920,1864.390244,143,149,6,9.268292667,Wild,052816MC30,5/28/2016,3
44538,NO,137.55918,134,29.2,1.121796622,Wild,2021,2365.1,2291.097,137,143,6.5,11.385,Wild,052321MC3,5/23/2021,3
45803,YES,188,175,76.8,1.155813305,Little White Salmon,2021,2704.3,NA,NA,146,NA,NA,Mid,052621MC30,5/26/2021,3
42633,YES,151,146,38.4,1.115322336,Leavenworth,2019,2672,2546,136,143,7,7.088571429,Upper,052319MC10,5/23/2019,3
36657,YES,155,151,34.4,0.923768964,Clearwater,2016,2473.98,2428.483841,138,145,7,6.499451286,Snake,052416MC2,5/24/2016,3
38291,YES,155,150,40.9,1.098318325,Rapid River,2016,2279,2211.796184,144,151,7,9.600545143,Snake,053016MC46,5/30/2016,3
38169,YES,166,158,48.4,1.058086349,Rapid River,2016,2461.96,2388.1012,144,151,7,10.55125714,Snake,053016MC44,5/30/2016,3
44717,YES,151.92206,148,35.3,1.006728061,Carson,2021,2242.4,2157.484,135,143,8.387,10.125,Mid,052321MC9,5/23/2021,3
44518,YES,150.89614,147,36.2,1.053596182,Clearwater,2021,2546.7,2468.136,135,143,8.163,9.625,Snake,052321MC3,5/23/2021,3
39937,NO,110,105,12.9,0.969196065,Wild,2017,1901.3,1844.965185,136,144,8,7.041851875,Wild,052417MC15,5/24/2017,3
45450,YES,169,163,47.4,0.982015272,Little White Salmon,2021,2533.4,2463.732,137,145,8.445,8.25,Mid,052521MC22,5/25/2021,3
36660,YES,141,136,29,1.034524213,Dworshak,2016,2236,2172.520202,137,145,8,7.935,Snake,052416MC2,5/24/2016,3
45631,YES,156.02574,152,41,1.07943154,Little White Salmon,2021,2653.1,2582.212,138,146,8.34,8.5,Mid,052621MC26,5/26/2021,3
40059,YES,151,147,38.5,1.118226777,Carson,2017,2300,2246.271339,138,146,8,6.716082625,Mid,052617MC27,5/26/2017,3
37310,YES,162,160,44.8,1.053738779,Rapid River,2016,2556.86,2497.12028,140,148,8,7.467465,Snake,052716MC27,5/27/2016,3
44998,YES,155,153,35.1,0.942566506,Little White Salmon,2021,2513.5,2497.985,135,144,8.792,1.765,Mid,052421MC15,5/24/2021,3
44584,YES,152.94798,149,35.4,0.989400314,Dworshak,2021,2511.7,2460.178,133,143,9.66,5.333,Snake,052321MC7,5/23/2021,3
44586,NO,148.8443,145,29.9,0.906722847,Wild,2021,2336.2,2293.539,134,143,9.142,4.667,Wild,052321MC7,5/23/2021,3
44801,YES,171,165,51.3,1.025956689,Rapid River,2021,2674.8,2633.987,135,144,9.418,4.333,Snake,052421MC11,5/24/2021,3
37376,YES,145,142,30.625,1.004551232,McCall,2016,2288.34,2215.285014,139,148,9,8.117220667,Snake,052716MC29,5/27/2016,3
38040,NO,135,131,24,0.975461058,Wild,2016,1922.05,1841.240021,141,150,9,8.978886556,Wild,052916MC43,5/29/2016,3
36786,YES,148,140,35.4,1.091988676,McCall,2016,2405.53,2329.331953,135,145,10,7.6198047,Snake,052416MC8,5/24/2016,3
38163,YES,183,178,62.7,1.02309103,Rapid River,2016,2677.29,2627.303256,141,151,10,4.9986744,Snake,053016MC44,5/30/2016,3
38236,YES,153,159,37.7,1.05260897,McCall,2016,2396.11,2321.835677,141,151,10,7.4274323,Snake,053016MC45,5/30/2016,3
44544,YES,133.4555,130,26.7,1.123315738,Little White Salmon,2021,2379.5,2272.876,132,143,11.085,9.619,Mid,052321MC3,5/23/2021,4
42504,YES,142,141,30.3,1.058223945,Carson,2019,2312.46,2245.944297,128,139,11,6.046882091,Mid,051919MC2,5/19/2019,4
44537,YES,145.76654,142,33.4,1.078382797,Rapid River,2021,2392,2306.979,132,143,11.405,7.455,Snake,052321MC3,5/23/2021,4
44585,NO,125.24814,122,22.8,1.160435422,Wild,2021,2023.6,1966.357,132,143,11.047,5.182,Wild,052321MC7,5/23/2021,4
44588,YES,148,144,32.7,1.008701384,Carson,2021,2389.6,2190.356,132,143,10.79,6.455,Mid,052321MC8,5/23/2021,4
45046,YES,160,152,39.4,0.9619141,Rapid River,2021,2498.7,2423.013,133,144,11.405,6.636,Snake,052421MC16,5/24/2021,4
44961,YES,165,152,46.8,1.041823174,Little White Salmon,2021,2838.9,2754.747,133,144,11.153,7.545,Mid,052421MC14,5/24/2021,4
44913,YES,170,164.05,52.8,1.074699761,Chief Joseph,2021,2842.6,2778.176,133,144,10.903,5.909,Upper,052421MC13,5/24/2021,4
36754,NO,122,117,16.9,0.930694619,Wild,2016,1895.55,1843.631069,134,145,11,4.719902818,Wild,052416MC6,5/24/2016,4
36656,YES,126,125,21.7,1.084796096,Sawtooth,2016,2228.04,2142.619936,134,145,11,7.765460364,Snake,052416MC2,5/24/2016,4
36811,YES,141,135,27.7,0.988149017,McCall,2016,2251.04,2185.446781,135,146,11,5.963019909,Snake,052516MC9,5/25/2016,4
35351,YES,149,138,22.7,0.686225839,Sawtooth,2015,2364.77,2290.707949,135,146,11,6.732913727,Snake,052615MC18,5/26/2015,4
38534,YES,153,143,40.4,1.127994778,Rapid River,2016,2487.83,2407.577419,140,151,11,7.295689182,Snake,053016MC50,5/30/2016,4
45051,YES,146,137,31.2,1.002526906,Dworshak,2021,2198.7,2114.757,132,144,11.631,7.217,Snake,052421MC16,5/24/2021,4
44777,YES,148.8443,145,42.2,1.279722586,Winthrop,2021,2524.3,2433.498,131,144,12.819,7.083,Upper,052421MC10,5/24/2021,4
44809,YES,162,155,37.4,0.879683764,Clearwater,2021,2211.7,2191.221,132,144,12.287,1.667,Snake,052421MC11,5/24/2021,4
45461,YES,161,155,41,0.982440435,Rapid River,2021,2492.8,2377.899,132,145,13.132,8.75,Snake,052521MC23,5/25/2021,4
39838,YES,151,143,37.2,1.080468492,Parkdale,2017,2320,2217.801998,132,144,12,8.516500167,Mid,052417MC9,5/24/2017,4
36785,YES,135,128,24.2,0.983589931,Lookingglass,2016,2249.35,2196.215748,133,145,12,4.427854333,Snake,052416MC8,5/24/2016,4
36758,NO,115,110,16,1.052025972,Wild,2016,1900.58,1823.110707,133,145,12,6.455774417,Wild,052416MC7,5/24/2016,4
37355,YES,156,153,40.662,1.07106288,Rapid River,2016,2390.19,2324.184753,136,148,12,5.50043725,Snake,052716MC28,5/27/2016,4
38541,YES,154,NA,41.3,1.130805419,McCall,2016,2277.12,2186.433821,139,151,12,7.557181583,Snake,053016MC50,5/30/2016,4
38525,NO,144,139,33.2,1.111861308,Wild,2016,2101.7,2003.48972,139,151,12,8.18419,Wild,053016MC50,5/30/2016,4
38290,YES,165,162,44.9,0.999526984,Rapid River,2016,2503.96,2397.386496,139,151,12,8.881125333,Snake,053016MC46,5/30/2016,4
45465,YES,175,166,58.6,1.09341105,Little White Salmon,2021,2342.9,2216.257,132,145,12.564,10.08,Mid,052521MC23,5/25/2021,4
44618,YES,145.76654,142,30,0.968607258,Dworshak,2021,2441.7,2376.56,129,143,13.658,4.769,Snake,052321MC8,5/23/2021,4
44514,YES,153,155,44.2,1.234093271,Little White Salmon,2021,2460.4,2320.674,130,143,13.163,10.615,Mid,052321MC3,5/23/2021,4
44794,YES,155,148,36.3,0.974791024,Dworshak,2021,2285.6,2232.801,131,144,13.2,4,Snake,052421MC11,5/24/2021,4
44977,YES,165,157,47.3,1.052953763,Cle Elum,2021,2604.9,2545.006,131,144,12.764,4.692,Mid,052421MC15,5/24/2021,4
36791,NO,130,122,20.7,0.942193936,Wild,2016,1927.45,1875.652894,132,145,13,3.984392769,Wild,052416MC8,5/24/2016,4
36764,YES,145,141,29.4,0.96436917,Sawtooth,2016,2367.02,2298.968175,132,145,13,5.234755769,Snake,052416MC7,5/24/2016,4
39999,YES,147,140,36.4,1.145907066,Carson,2017,2251,2152.866517,132,145,13,7.548729462,Mid,052517MC22,5/25/2017,4
36669,YES,134,130,24.2,1.005775343,Dworshak,2016,2244,2158,132,145,13,6.615385,Snake,052416MC2,5/24/2016,4
40017,YES,161,155,42.1,1.008798556,Little White Salmon,2017,2200,2137.735849,133,146,13,4.789550077,Mid,052617MC23,5/26/2017,4
40039,YES,142,140,30.8,1.075686387,Dworshak,2017,2305,2214.87191,133,146,13,6.93293,Snake,052617MC25,5/26/2017,4
37421,YES,157,154,40.5,1.046540563,Pahsimeroi,2016,2557.26,2478.035082,136,149,13,6.094224462,Snake,052816MC30,5/28/2016,4
38052,YES,169,163,49.2,1.019306974,Rapid River,2016,2692.65,2640.906541,137,150,13,3.980266077,Snake,052916MC43,5/29/2016,4
44487,YES,165,160,42.2,0.939421783,Rapid River,2021,2662.4,2554.839,129,143,14.377,7.481,Snake,052321MC3,5/23/2021,4
44523,YES,129.35182,126,22.6,1.044217135,Dworshak,2021,2256.1,2182.187,127,143,16.425,4.5,Snake,052321MC3,5/23/2021,4
45007,YES,164,160,46.6,1.056463162,McCall,2021,2745.3,2631.66,127,144,16.747,6.786,Snake,052421MC15,5/24/2021,4
44617,YES,144.74062,141,33,1.088285027,Little White Salmon,2021,2296,2205.737,128,143,14.525,6.214,Mid,052321MC8,5/23/2021,4
44557,YES,138.5851,135,27.3,1.025682667,Clearwater,2021,2499.9,2483.706,129,143,14.169,1.143,Snake,052321MC3,5/23/2021,4
44811,YES,170,161,44.1,0.897618532,Clearwater,2021,2750,2732.704,130,144,14.243,1.214,Snake,052421MC11,5/24/2021,4
39868,NO,176,174,60.1,1.102393027,Wild,2017,2434.7,2344.413208,130,144,14,6.449056571,Wild,052417MC12,5/24/2017,4
45062,YES,165,158,41.6,0.926065024,Clearwater,2021,2735.5,2646.413,130,145,14.673,6.071,Snake,052521MC17,5/25/2021,4
39981,YES,161,157,44.5,1.066307301,Carson,2017,2320,2249,131,145,14,5.071428571,Mid,052517MC21,5/25/2017,4
36907,YES,170,162,46.9,0.954610249,Pahsimeroi,2016,2592,2533.910355,132,146,14,4.149260357,Snake,052516MC12,5/25/2016,4
36885,YES,163,158,41.8,0.965191438,Clearwater,2016,2632.42,2553.46903,132,146,14,5.639355,Snake,052516MC12,5/25/2016,4
40057,NO,130,125,23.7,1.078743776,Wild,2017,2015,1922.782746,132,146,14,6.586946714,Wild,052617MC27,5/26/2017,4
36808,YES,146,140,32.8,1.053938492,Pahsimeroi,2016,2336,2228.563713,132,146,14,7.6740205,Snake,052516MC9,5/25/2016,4
38388,YES,142,136,30.3,1.058223945,Sawtooth,2016,2323.6,2257.501969,137,151,14,4.721287929,Snake,053016MC48,5/30/2016,4
45113,YES,166,158,51.6,1.128042402,Carson,2021,2344.4,2220.193,129,145,16.08,7.724,Mid,052521MC19,5/25/2021,4
45469,NO,170,161,58.1,1.182576806,Wild,2021,2455.4,2333.805,130,145,14.816,8.207,Wild,052521MC23,5/25/2021,4
44780,YES,151.92206,148,42.1,1.200658662,Carson,2021,2451,2201.997,130,144,13.518,4.069,Mid,052421MC10,5/24/2021,4
44493,YES,145,140,32.2,1.056213892,Parkdale,2021,2394.6,2189.039,126,143,17.277,10.706,Mid,052321MC3,5/23/2021,4
44974,YES,168,150,36.3,0.765559184,Little White Salmon,2021,2740.6,2672.905,128,144,15.866,4.267,Mid,052421MC15,5/24/2021,4
44775,YES,156.02574,152,42.5,1.118922938,Cle Elum,2021,2473.3,2351.898,129,144,15.432,7.867,Mid,052421MC10,5/24/2021,4
40859,YES,182,180,62.6,1.038389191,Dworshak,2018,2638.68,2545.610279,130,145,15,6.204648067,Snake,052518MC12,5/25/2018,4
45464,YES,185,185,61.3,0.968155872,Chief Joseph,2021,3058.6,2960.773,130,145,14.974,6.533,Upper,052521MC23,5/25/2021,4
36884,YES,180,173,58.9,1.009945156,Pahsimeroi,2016,2407,2322.432187,131,146,15,5.6378542,Snake,052516MC12,5/25/2016,4
38293,YES,176,174,59.4,1.08955323,Rapid River,2016,2663.59,2600.17119,136,151,15,4.227920667,Snake,053016MC46,5/30/2016,4
45444,YES,161.15534,157,49.6,1.185079705,Dworshak,2021,2526.5,2377.207,127,145,17.8,8.387,Snake,052521MC21,5/25/2021,4
45050,YES,153,145,33,0.921381838,Rapid River,2021,2666.1,2608.487,128,144,15.893,3.625,Snake,052421MC16,5/24/2021,4
35171,YES,142,139,25.5,0.890584531,McCall,2015,2302.7,2251.710186,129,145,16,3.186863375,Snake,052515MC11,5/25/2015,4
39973,YES,146,138,32.6,1.047512013,Carson,2017,2440,2359.144295,129,145,16,5.053481563,Mid,052517MC19,5/25/2017,4
36904,YES,148,140,22.8,0.703314686,Pahsimeroi,2016,2382.51,2315.808058,130,146,16,4.168871375,Snake,052516MC12,5/25/2016,4
36861,YES,151,144,33.2,0.964289087,Pahsimeroi,2016,2461.59,2389.31177,130,146,16,4.517389375,Snake,052516MC11,5/25/2016,4
35328,YES,171,167,52.4,1.047955807,Parkdale,2015,2566.33,2428.583138,130,146,16,8.609178875,Mid,052615MC17,5/26/2015,4
37480,YES,167,163,47.279,1.015123455,Rapid River,2016,2631.6,2544.780352,133,149,16,5.426228,Snake,052816MC34,5/28/2016,4
37443,YES,179,175,60.2,1.049632825,Pahsimeroi,2016,2753.64,2655.7328,133,149,16,6.1192,Snake,052816MC32,5/28/2016,4
38176,YES,158,153,39,0.988765595,Rapid River,2016,2459.75,2411.500687,135,151,16,3.015582062,Snake,053016MC44,5/30/2016,4
44490,YES,144,138,30.6,1.024787821,Dworshak,2021,2080.7,2006.901,125,143,18.174,4.061,Snake,052321MC3,5/23/2021,4
45452,YES,175,175,67.8,1.265072943,Little White Salmon,2021,2876,2855.212,128,145,17.15,1.212,Mid,052521MC23,5/25/2021,4
44604,YES,155,149.575,45.4,1.21916019,Carson,2021,2286.3,2056.291,122,143,20.906,10.462,Mid,052321MC8,5/23/2021,4
44975,YES,152,146,37.6,1.070673524,Dworshak,2021,2305.9,2230.674,126,144,17.762,4.235,Snake,052421MC15,5/24/2021,4
44980,YES,168,160,44.1,0.930059492,Dworshak,2021,2671.2,2575.321,126,144,17.526,5.471,Snake,052421MC15,5/24/2021,4
SBS129,YES,156,156,39.9,1.050991291,Sawtooth,2018,2422.66,2384.743575,127,144,17,2.230377941,Snake,052418SBSMC5,5/24/2018,4
SBS18,YES,161,160,42,1.006402397,Dworshak,2018,2374.01,2319.225154,127,144,17,3.222638,Snake,052418SBSMC3,5/24/2018,4
44857,YES,169,162,48.2,0.998589353,Chief Joseph,2021,2717.9,2579.602,127,144,16.674,8.294,Upper,052421MC12,5/24/2021,4
45599,YES,160,152,44.3,1.08154295,Little White Salmon,2021,2399.4,2259.975,128,146,18.374,7.588,Mid,052621MC25,5/26/2021,4
36782,YES,153,147,38.8,1.083321655,Dworshak,2016,2329.54,2206.826753,128,145,17,7.218426294,Snake,052416MC8,5/24/2016,4
36806,NO,118,116,17.6,1.071190359,Wild,2016,2043,1945,129,146,17,5.765,Wild,052516MC9,5/25/2016,4
41313,YES,176,169,61.6,1.129906997,Rapid River,2018,2533.88,2478.371067,130,147,17,3.265231353,Snake,052718MC28,5/27/2018,4
37301,YES,157,153,37.79,0.976512811,Sawtooth,2016,2528.16,2426.488557,131,148,17,5.980673118,Snake,052716MC27,5/27/2016,4
38234,YES,172,168,53.2,1.045505442,Rapid River,2016,2555,2510.330402,134,151,17,2.627623412,Snake,053016MC45,5/30/2016,4
38156,YES,171,165,55.9,1.117952853,Pahsimeroi,2016,2550.32,2460.835088,134,151,17,5.263818353,Snake,053016MC44,5/30/2016,4
45000,YES,168,161,51.4,1.084014987,Little White Salmon,2021,2520.3,2416.261,125,144,18.578,5.6,Mid,052421MC15,5/24/2021,4
45472,YES,166,160,46.8,1.023108239,Little White Salmon,2021,2321.8,2221.648,126,145,18.846,5.314,Mid,052521MC23,5/25/2021,4
45198,YES,160,155,39.8,0.971679669,Clearwater,2021,2654.1,2584.632,127,145,17.878,3.886,Snake,052521MC20,5/25/2021,4
45462,YES,177,170,57,1.027909918,Walla Walla,2021,2712.6,2577.077,126,145,19.208,7.056,Mid,052521MC23,5/25/2021,4
39974,YES,162,156,42.6,1.001992659,Powell,2017,2747,2649.037132,127,145,18,5.442381556,Snake,052517MC19,5/25/2017,4
39982,YES,168,163,53.4,1.126194558,Prosser,2017,2471.5,2367.070423,127,145,18,5.801643167,Snake,052517MC21,5/25/2017,4
45308,YES,181,173,62,1.045576864,Little White Salmon,2021,2555.1,2400.336,127,145,17.973,8.611,Mid,052521MC21,5/25/2021,4
35298,YES,141,138,27.8,0.991716288,Lyons Ferry,2015,2406,2300.921633,128,146,18,5.837687056,Snake,052615MC16,5/26/2015,4
45679,YES,171,165,57.7,1.153951319,Little White Salmon,2021,2427.3,2275.299,129,146,16.994,8.944,Mid,052621MC28,5/26/2021,4
38341,YES,144,140,27.7,0.927667421,Lookingglass,2016,2347.8,2249.685943,133,151,18,5.450780944,Snake,053016MC47,5/30/2016,4
45078,YES,175,170,49,0.914285714,Chief Joseph,2021,2886.3,2751.377,121,145,24.471,5.514,Upper,052521MC17,5/25/2021,4
45591,YES,178,171,60.4,1.070969105,Walla Walla,2021,2784.4,2696.086,123,146,23.34,3.784,Mid,052621MC25,5/26/2021,4
45032,YES,148.8443,145,38.9,1.179649518,Carson,2021,2323.7,2201.515,123,144,20.728,5.895,Mid,052421MC15,5/24/2021,4
36639,NO,122,118,18.9,1.040835996,Wild,2016,2006.44,1937.468625,126,145,19,3.630072368,Wild,052416MC2,5/24/2016,4
SBS266,YES,151,147,34.4,0.999142931,Rapid River,2018,2449.4,2403.467509,127,146,19,2.417499526,Snake,052618SBSMC20,5/26/2018,4
35689,YES,180,179,73.7,1.263717369,Sawtooth,2015,2657.22,2531.946692,128,147,19,6.593332,Snake,052715MC25,5/27/2015,4
37472,YES,167,162,44,0.944720334,Rapid River,2016,2466.98,2380.522716,130,149,19,4.550383368,Snake,052816MC34,5/28/2016,4
38048,YES,178,172,52.8,0.936211366,Rapid River,2016,2659.22,2556.503348,131,150,19,5.406139579,Snake,052916MC43,5/29/2016,4
38041,NO,138,127,23.5,0.894191636,Wild,2016,2075.82,1908.573839,131,150,19,8.802429526,Wild,052916MC43,5/29/2016,4
45047,YES,151,150,36.2,1.051423641,Clearwater,2021,2598,2426.29,124,144,19.813,8.667,Snake,052421MC16,5/24/2021,4
45114,YES,158,151,41.9,1.062289229,Carson,2021,2299.3,2193.941,125,145,20.142,5.231,Mid,052521MC19,5/25/2021,4
44496,YES,150,143,34.4,1.019259304,McCall,2021,2516.6,2402.774,122,143,20.696,5.5,Snake,052321MC3,5/23/2021,4
45598,YES,165,155,49.7,1.106380627,Parkdale,2021,2458.7,2345.417,123,146,23.119,4.9,Mid,052621MC25,5/26/2021,4
42676,YES,156,155,44.7,1.177426308,Carson,2019,2420.07,2335.95846,123,143,20,4.205577,Mid,052319MC11,5/23/2019,4
44916,YES,171,163,61.3,1.22594825,Carson,2021,2506.1,2354.853,124,144,20.033,7.55,Mid,052421MC13,5/24/2021,4
34985,YES,150,143,32.4,0.960000045,Sawtooth,2015,2288.74,2134.987854,124,144,20,7.6876073,Snake,052415MC2,5/24/2015,4
45482,YES,180.64782,176,66.8,1.133126268,Little White Salmon,2021,2607,2462.052,124,145,20.707,7,Mid,052521MC23,5/25/2021,4
45646,YES,173,165,43.6,0.842069941,Little White Salmon,2021,2653.6,2557.255,126,146,20.499,4.7,Mid,052621MC27,5/26/2021,4
41150,YES,151,145,35.4,1.028187782,Sawtooth,2018,2350.94,2277.538662,126,146,20,3.6700669,Snake,052618MC22,5/26/2018,4
36809,YES,135,129,22.5,0.914494742,Dworshak,2016,2245.46,2155.052903,126,146,20,4.52035485,Snake,052516MC9,5/25/2016,4
41193,YES,158,154,37.2,0.943130279,Rapid River,2018,2535.27,2433.150617,126,146,20,5.10596915,Snake,052618MC23,5/26/2018,4
41290,YES,171,165,50.7,1.013957226,Pahsimeroi,2018,2568.24,2488.455902,127,147,20,3.9892049,Snake,052718MC27,5/27/2018,4
41436,YES,164,160,53.1,1.203823909,Sawtooth,2018,2622.39,2508.729207,127,147,20,5.68303965,Snake,052718MC32,5/27/2018,4
41369,YES,162,157,47.4,1.114893317,Dworshak,2018,2425.41,2291.409448,127,147,20,6.7000276,Snake,052718MC30,5/27/2018,4
37371,YES,170,167,52.3,1.064522679,McCall,2016,2352.36,2214.995912,128,148,20,6.8682044,Snake,052716MC29,5/27/2016,4
37475,YES,161,154,41.4,0.992025256,Pahsimeroi,2016,2433.63,2311.9485,129,149,20,6.084075,Snake,052816MC34,5/28/2016,4
38168,YES,166,160,47.4,1.036225061,Rapid River,2016,2568.75,2534.010336,131,151,20,1.7369832,Snake,053016MC44,5/30/2016,4
38166,YES,159,155,40.6,1.010030863,Pahsimeroi,2016,2532.92,2435.462138,131,151,20,4.8728931,Snake,053016MC44,5/30/2016,4
45447,YES,167.31086,163,53.3,1.138032876,Walla Walla,2021,2670.1,2553.833,124,145,20.726,5.61,Mid,052521MC21,5/25/2021,4
45049,YES,148,140,34.4,1.061141539,Rapid River,2021,2393.2,2284.165,121,144,23.365,4.667,Snake,052421MC16,5/24/2021,4
44615,YES,144.74062,141,32.2,1.061902385,Dworshak,2021,2398.8,2213.564,121,143,21.611,8.571,Snake,052321MC8,5/23/2021,4
44771,NO,158.07758,154,49.2,1.245530232,Wild,2021,2294.9,2167.691,121,143,21.544,5.905,Wild,052321MC9,5/23/2021,4
44471,YES,160,161,51.4,1.25488285,Little White Salmon,2021,2565.2,2401.117,122,143,21.402,7.667,Mid,052321MC3,5/23/2021,4
39865,YES,135,130,23.7,0.963267826,Dworshak,2017,1948.7,1828.656879,123,144,21,5.716339095,Snake,052417MC11,5/24/2017,4
45065,YES,159,152,39.7,0.987641072,Clearwater,2021,2472.3,2360.014,124,145,21.054,5.333,Snake,052521MC17,5/25/2021,4
39998,YES,142,137,34.1,1.190938476,Warm Springs,2017,2210,2068.680272,124,145,21,6.729510857,Mid,052517MC22,5/25/2017,4
36875,YES,171,182,48,0.95995949,Clearwater,2016,2582.32,2502.248062,125,146,21,3.812949429,Snake,052516MC12,5/25/2016,4
41401,YES,158,155,43.1,1.092712708,Pahsimeroi,2018,2417.5,2341.891755,126,147,21,3.600392619,Snake,052718MC31,5/27/2018,4
35628,YES,161,158,43.8,1.04953391,Lyons Ferry,2015,2371.87,2238.895561,126,147,21,6.332116143,Snake,052715MC24,5/27/2015,4
37300,NO,136,129,26.5,1.053486922,Wild,2016,2045.44,1946.769474,127,148,21,4.698596476,Wild,052716MC27,5/27/2016,4
37276,YES,154,150,35.474,0.97128792,Clearwater,2016,2472.86,2368.035495,127,148,21,4.991643095,Snake,052716MC26,5/27/2016,4
37410,YES,165,164,43.7,0.972813552,Rapid River,2016,2442.82,2369.769163,128,149,21,3.478611286,Snake,052816MC30,5/28/2016,4
37714,YES,165,160,44.9,0.999526984,Rapid River,2016,2306.87,2266.329207,129,150,21,1.930513952,Snake,052916MC38,5/29/2016,4
45025,YES,146.79246,143,35.4,1.119159627,Dworshak,2021,2349.8,2236.339,121,144,22.798,4.977,Snake,052421MC15,5/24/2021,4
42524,YES,145,141,31.3,1.026692336,Pahsimeroi,2019,2697,2467.003115,117,139,22,10.4544,Snake,051919MC5,5/19/2019,4
44567,YES,152.94798,149,35.2,0.983810461,Rapid River,2021,2461.7,2412.466,119,143,23.547,2.091,Snake,052321MC3,5/23/2021,4
44995,NO,162,155,43.5,1.023161555,Wild,2021,2506.6,2375.074,120,144,23.914,5.5,Wild,052421MC15,5/24/2021,4
44658,YES,165,160,49.9,1.11083288,Carson,2021,2366.4,2252.481,120,143,22.784,5,Mid,052321MC9,5/23/2021,4
35019,YES,139,139,26.5,0.986737136,Lookingglass,2015,2155.56,2063.477825,122,144,22,4.185553409,Snake,052415MC4,5/24/2015,4
39997,NO,130,124,23.7,1.078743776,Wild,2017,2160,1999.542857,123,145,22,7.2935065,Wild,052517MC22,5/25/2017,4
39978,YES,187,179,77.9,1.191276697,Little White Salmon,2017,2730.5,2549.937913,123,145,22,8.207367591,Mid,052517MC20,5/25/2017,4
37594,NO,115,110,15.7,1.032300472,Wild,2016,1880.83,1781.315185,128,150,22,4.523400682,Wild,052916MC37,5/29/2016,4
37596,YES,179,173,60.3,1.051376374,Pahsimeroi,2016,2680.58,2567.555545,128,150,22,5.137475227,Snake,052916MC37,5/29/2016,4
38047,YES,146,141,31.9,1.02501946,Lookingglass,2016,2372.44,2254.814824,128,150,22,5.346598909,Snake,052916MC43,5/29/2016,4
37798,YES,147,147,30.4,0.957021234,Lookingglass,2016,2219.76,2095.960156,128,150,22,5.627265636,Snake,052916MC39,5/29/2016,4
38522,NO,145,141,35.8,1.174299864,Wild,2016,2075.24,1978.029165,129,151,22,4.418674318,Wild,053016MC50,5/30/2016,4
45195,YES,163,150,44.9,1.036772675,Little White Salmon,2021,2342.4,2207.152,119,145,25.572,5.289,Mid,052521MC20,5/25/2021,4
44996,YES,169,162,52.2,1.081459837,Little White Salmon,2021,2283.1,2104.668,121,144,23.478,7.6,Mid,052421MC15,5/24/2021,4
45477,YES,168.33678,164,55,1.152990271,Rapid River,2021,2493.3,2407.288,122,145,23.316,3.689,Snake,052521MC23,5/25/2021,4
45105,YES,170,163,44.4,0.903724843,Chief Joseph,2021,2622.3,2478.161,122,145,23.165,6.222,Upper,052521MC19,5/25/2021,4
44989,YES,151,145,39.5,1.147271628,Little White Salmon,2021,2436.7,2305.59,112,144,32.08,4.087,Mid,052421MC15,5/24/2021,4
44560,YES,143.7147,140,34.5,1.162292719,Little White Salmon,2021,2321.5,2183.775,119,143,23.998,5.739,Mid,052321MC3,5/23/2021,4
SBS54,YES,158,160,41.8,1.059753874,McCall,2018,2428.76,2340.632207,121,144,23,3.831643174,Snake,052418SBSMC3,5/24/2018,4
36902,YES,159,147,39.9,0.992616613,McCall,2016,2356.5,2257.851132,123,146,23,4.289081217,Snake,052516MC12,5/25/2016,4
37388,YES,177,173,63.9,1.152341146,Pahsimeroi,2016,2607.63,2552.255618,125,148,23,2.407581826,Snake,052716MC29,5/27/2016,4
38044,YES,157,150,39.3,1.015531934,Rapid River,2016,2480.87,2320.748489,127,150,23,6.961804826,Snake,052916MC43,5/29/2016,4
44987,YES,170,162,48,0.976999796,Carson,2021,2388.1,2252.746,119,144,24.657,5.489,Mid,052421MC15,5/24/2021,4
45014,YES,145.76654,142,36.1,1.165557351,Little White Salmon,2021,2421.1,2273.41,120,144,23.936,6.17,Mid,052421MC15,5/24/2021,4
45722,YES,198.08846,193,95.2,1.224783727,Walla Walla,2021,2923.9,2706.295,113,146,33.054,6.583,Mid,052621MC28,5/26/2021,4
44808,YES,151,145,38.7,1.124035769,Carson,2021,2614.2,2503.464,119,144,24.838,4.458,Mid,052421MC11,5/24/2021,4
45454,NO,170,163,57.9,1.178506036,Wild,2021,2367.1,2330.587,120,145,25.038,1.458,Wild,052521MC23,5/25/2021,4
44993,YES,166,160,49,1.071203088,Little White Salmon,2021,2299.6,2127.48,120,144,24.017,7.167,Mid,052421MC15,5/24/2021,4
40614,YES,141,138,27.9,0.995283626,McCall,2018,2207.12,2155.366841,120,144,24,2.156381625,Snake,052418MC5,5/24/2018,4
38042,YES,151,144,37.1,1.077563941,McCall,2016,2413.05,2318.538875,126,150,24,3.937963542,Snake,052916MC43,5/29/2016,4
45595,YES,193,187,86.4,1.201826631,Walla Walla,2021,2837.7,2675.259,121,146,24.567,6.612,Mid,052621MC25,5/26/2021,4
44495,YES,160,149,42.4,1.035156287,Carson,2021,2335,2200.781,117,143,25.614,5.24,Mid,052321MC3,5/23/2021,4
45012,YES,156.02574,152,42.3,1.113657398,Little White Salmon,2021,2483.7,2360.787,118,144,26.49,4.64,Mid,052421MC15,5/24/2021,4
39806,NO,131,126,21.5,0.95636698,Wild,2017,2136.7,1982.152282,119,144,25,6.18190872,Wild,052417MC8,5/24/2017,4
38235,YES,168,161,50.5,1.065034149,Rapid River,2016,2490,2372.918525,126,151,25,4.683259,Snake,053016MC45,5/30/2016,4
38380,YES,159,151,43.5,1.082175965,Lookingglass,2016,2386.7,2196.748206,126,151,25,7.59807176,Snake,053016MC48,5/30/2016,4
44986,YES,161,152,42.7,1.023175788,Little White Salmon,2021,2357.4,2217.77,118,144,25.989,5.373,Mid,052421MC15,5/24/2021,4
45021,YES,152.94798,149,43.6,1.218583343,Carson,2021,2331.1,2186.784,118,144,25.556,5.647,Mid,052421MC15,5/24/2021,4
45058,YES,169,161,53.7,1.112536269,Dworshak,2021,2280.6,2067.927,119,144,24.992,8.51,Snake,052421MC16,5/24/2021,4
44503,YES,165.25902,161,47.4,1.050226171,Little White Salmon,2021,2378.9,2121.549,115,143,27.649,9.308,Mid,052321MC3,5/23/2021,4
44499,YES,144,137,31.8,1.06497554,Carson,2021,2203.6,2052.918,117,143,26.294,5.731,Mid,052321MC3,5/23/2021,4
37483,YES,186,179,70.3,1.092487587,Pahsimeroi,2016,2831.96,2717.20475,123,149,26,4.413663462,Snake,052816MC34,5/28/2016,4
38531,YES,185,176,71.1,1.122934452,Rapid River,2016,2538.16,2460.409029,125,151,26,2.990421962,Snake,053016MC50,5/30/2016,4
45024,YES,147.81838,144,38.5,1.191997692,Carson,2021,2320.9,2190.868,115,144,28.957,4.491,Mid,052421MC15,5/24/2021,4
45005,YES,162,157,50.8,1.194864511,Carson,2021,2417.5,2278.551,116,144,27.685,5.019,Mid,052421MC15,5/24/2021,4
45064,YES,154,145,36.8,1.007594173,Little White Salmon,2021,2339.3,2164.143,117,145,27.962,6.264,Mid,052521MC17,5/25/2021,4
44501,YES,150,148,40.1,1.188148103,Carson,2021,2370.1,2316.599,114,143,28.891,1.852,Mid,052321MC3,5/23/2021,4
44960,YES,160,151,46.3,1.130371075,Little White Salmon,2021,2362.9,2187.095,116,144,28.254,6.222,Mid,052421MC14,5/24/2021,4
44550,YES,136.53326,133,31.3,1.229784308,Carson,2021,2151.6,1984.152,116,143,27.235,6.148,Mid,052321MC3,5/23/2021,4
40628,YES,161,153,47.5,1.138193187,Rapid River,2018,2261.45,2179.053007,117,144,27,3.051740481,Snake,052418MC5,5/24/2018,4
39836,YES,168,162,51,1.075579041,Little White Salmon,2017,2212.1,2061.957466,117,144,27,5.560834593,Mid,052417MC9,5/24/2017,4
45106,YES,161,154,44.7,1.071099712,Carson,2021,2385.5,2279.592,117,145,27.762,3.815,Mid,052521MC19,5/25/2021,4
45112,YES,152,145,37.2,1.059283445,Little White Salmon,2021,2395.5,2206.862,118,145,27.383,6.889,Mid,052521MC19,5/25/2021,4
45466,YES,175,169,60.9,1.136326559,Walla Walla,2021,2599.9,2453.737,118,145,27.03,5.407,Mid,052521MC23,5/25/2021,4
36890,YES,151,145,31.4,0.912008321,Pahsimeroi,2016,2502.37,2424.675448,119,146,27,2.877576,Snake,052516MC12,5/25/2016,4
41014,YES,147,142,33.7,1.060908445,Pahsimeroi,2018,2499,2406.333732,119,146,27,3.432084,Snake,052618MC17,5/26/2018,4
40061,YES,154,150,34.4,0.941881571,Pahsimeroi,2017,2550,2381.7,119,146,27,6.233333333,Snake,052617MC27,5/26/2017,4
40056,NO,143,140,32.5,1.111412427,Wild,2017,2336.9,2154.029745,119,146,27,6.772972407,Wild,052617MC27,5/26/2017,4
44983,YES,150,147,40,1.185185185,Little White Salmon,2021,2332,2190.218,115,144,29.097,4.873,Mid,052421MC15,5/24/2021,4
44789,YES,175,168,56.6,1.056093266,Carson,2021,2351.9,2250.372,115,144,29.307,3.464,Mid,052421MC11,5/24/2021,4
36770,YES,155,151,36.1,0.969420254,Pahsimeroi,2016,2503.26,2427.371697,117,145,28,2.710296536,Snake,052416MC7,5/24/2016,4
45691,YES,191,182,80.7,1.158172948,Rapid River,2021,2688.2,2539.499,119,146,27.036,5.5,Snake,052621MC28,5/26/2021,4
37353,YES,166,161,49.2,1.075575362,McCall,2016,2485.7,2341.051341,120,148,28,5.166023536,Snake,052716MC28,5/27/2016,4
37444,YES,170,172,48.8,0.993283111,Rapid River,2016,2675.31,2584.435342,121,149,28,3.2455235,Snake,052816MC32,5/28/2016,4
37416,YES,153,149,39.3,1.097281986,Lookingglass,2016,2421.98,2239.151149,121,149,28,6.529601821,Snake,052816MC30,5/28/2016,4
45463,NO,170,154,57,1.160187258,Wild,2021,2494.6,2315.023,114,145,31.372,5.724,Wild,052521MC23,5/25/2021,4
44488,YES,155,150,39.6,1.063408371,Carson,2021,2274.9,2071.568,114,143,29.191,6.966,Mid,052321MC3,5/23/2021,4
40500,YES,163,158,45.8,1.057554257,Pahsimeroi,2018,2488.22,2417.703644,115,144,29,2.431598483,Snake,052418MC3,5/24/2018,4
39863,NO,147,139,37.6,1.183684125,Wild,2017,2068.8,1820.150879,115,144,29,8.574107621,Wild,052417MC11,5/24/2017,4
45643,YES,174,167,58.7,1.114269805,Little White Salmon,2021,2449.3,2233.619,115,146,30.511,7.069,Mid,052621MC27,5/26/2021,4
41016,YES,143,140,28.1,0.960944296,Pahsimeroi,2018,2382,2321.407006,117,146,29,2.089413586,Snake,052618MC17,5/26/2018,4
41148,YES,152,146,31.9,0.908364,Dworshak,2018,2284.59,2150.078721,117,146,29,4.638319966,Snake,052618MC22,5/26/2018,4
45069,YES,144,138,30.6,1.024787821,Parkdale,2021,2152.4,2021.402,115,145,29.726,4.407,Mid,052521MC17,5/25/2021,4
44570,YES,135.50734,132,29.5,1.185587346,Little White Salmon,2021,2346.5,2212.097,113,143,30.317,4.433,Mid,052321MC3,5/23/2021,4
39869,YES,143,136,32.4,1.107992749,Powell,2017,2297.7,2123.283682,114,144,30,5.813877267,Snake,052417MC12,5/24/2017,4
35156,YES,148,145,27.2,0.839042134,McCall,2015,2348.19,2218.77864,115,145,30,4.313712,Snake,052515MC11,5/25/2015,4
45603,YES,193,187,87.1,1.211563609,Cle Elum,2021,2743.5,2569.472,115,146,30.711,5.667,Mid,052621MC25,5/26/2021,4
38237,YES,147,142,27.5,0.865726456,Lookingglass,2016,2350.3,2167.463455,121,151,30,6.0945515,Snake,053016MC45,5/30/2016,4
45457,YES,190,185,76.8,1.119696793,Clearwater,2021,2714.9,2507.71,114,145,31.129,6.656,Snake,052521MC23,5/25/2021,4
44802,YES,161,152,41.1,0.984836594,Winthrop,2021,2524.4,2374.942,112,144,31.734,4.71,Upper,052421MC11,5/24/2021,4
45592,YES,166,160,48.7,1.064644718,Walla Walla,2021,2521.4,2377.025,114,146,31.969,4.516,Mid,052621MC25,5/26/2021,4
41071,YES,168,162,54.2,1.14306637,Dworshak,2018,2364.59,2213.000932,115,146,31,4.889969935,Snake,052618MC20,5/26/2018,4
37479,YES,175,168,54.348,1.014073461,Pahsimeroi,2016,2669.64,2589.662162,118,149,31,2.579930258,Snake,052816MC34,5/28/2016,4
38336,YES,141,135,28.3,1.009552912,Lookingglass,2016,2362.43,2184.555424,120,151,31,5.737889548,Snake,053016MC47,5/30/2016,4
40900,YES,177,172,59.2,1.067583648,McCall,2018,2479.18,2384.684488,113,145,32,2.95298475,Snake,052518MC13,5/25/2018,4
45483,YES,166.28494,162,54.7,1.189675665,Carson,2021,2443.6,2298.893,111,145,33.868,4.273,Mid,052521MC23,5/25/2021,4
40951,YES,145,138,31.7,1.039813055,Pahsimeroi,2018,2293.17,2149.597617,112,145,33,4.350678273,Snake,052518MC15,5/25/2018,4
40097,YES,155,148,38.7,1.039240059,Rapid River,2017,2471.6,2297.192742,113,146,33,5.285068424,Snake,052617MC28,5/26/2017,4
45211,NO,172,167,64.5,1.267577069,Wild,2021,2589.6,2282.035,111,145,33.782,9.104,Wild,052521MC20,5/25/2021,4
42538,YES,161,157,44.2,1.059118731,Rapid River,2019,2490.26,2406.973712,105,139,34,2.449596706,Snake,051919MC2,5/19/2019,4
40894,NO,134,129,23.1,0.960058268,Wild,2018,2120.08,2035.873705,111,145,34,2.476655735,Wild,052518MC12,5/25/2018,4
44666,NO,179,175,68.4,1.192606078,Wild,2021,2599.1,2374.218,107,143,36.271,6.2,Wild,052321MC9,5/23/2021,4
44468,YES,152,151,41.6,1.184574967,Carson,2021,2283.5,2129.405,107,143,36.197,4.257,Mid,052321MC3,5/23/2021,4
40824,YES,166,163,48.2,1.053714075,Sawtooth,2018,2314.01,2195.725125,110,145,35,3.379567857,Snake,052518MC10,5/25/2018,4
37467,NO,130,128,22.3,1.015020448,Wild,2016,1893.62,1807.094296,114,149,35,2.472162971,Wild,052816MC34,5/28/2016,4
45644,YES,160,155,49.3,1.203613263,Carson,2021,2452.7,2284.274,109,146,37.369,4.507,Mid,052621MC27,5/26/2021,4
40503,YES,161,157,43,1.030364358,Dworshak,2018,2463.7,2362.300774,108,144,36,2.816645167,Snake,052418MC3,5/24/2018,4
39906,YES,154,150,40,1.09521108,Little White Salmon,2017,2324.3,2195.776393,108,144,36,3.570100194,Mid,052417MC14,5/24/2017,4
39854,YES,156,151,43.4,1.143183506,Carson,2017,2392.3,2222.157974,108,144,36,4.726167389,Mid,052417MC10,5/24/2017,4
44981,YES,152,150,44.9,1.278543745,Carson,2021,2294.5,2071.142,106,144,37.565,5.946,Mid,052421MC15,5/24/2021,4
45216,NO,190,182,76.7,1.118238766,Wild,2021,2758.7,2552.365,107,145,38.172,5.405,Wild,052521MC20,5/25/2021,4
36819,YES,168,164,50,1.054489256,Dworshak,2016,2159.51,1972.753171,109,146,37,5.047481865,Snake,052516MC9,5/25/2016,4
41111,YES,142,137,29.1,1.016314125,Sawtooth,2018,2207.12,2148.523894,108,146,38,1.542002789,Snake,052618MC21,5/26/2018,4
38538,YES,152,146,36.7,1.045045765,Sawtooth,2016,2297.83,2144.974352,113,151,38,4.022517053,Snake,053016MC50,5/30/2016,4
44973,YES,157,152,37.8,0.976771173,Dworshak,2021,2422.1,2227.368,105,144,39.147,4.974,Snake,052421MC15,5/24/2021,4
SBS299,YES,159,155,45,1.119492377,Sawtooth,2018,2578.58,2407.953524,107,146,39,4.375037846,Snake,052618SBSMC21,5/26/2018,4
37712,YES,158,151,45.3,1.148489248,Rapid River,2016,2499.63,2379.799125,111,150,39,3.072586538,Snake,052916MC38,5/29/2016,4
45798,YES,167,162,49.1,1.054221976,Clearwater,2021,2623.5,2473.82,106,146,40.496,3.696,Snake,052621MC30,5/26/2021,4
40860,YES,156,153,40.7,1.072063777,Dworshak,2018,2398.39,2197.148154,105,145,40,5.03104615,Snake,052518MC12,5/25/2018,4
38340,YES,160,153,44.4,1.083984412,Lookingglass,2016,2401.14,2244.45876,109,151,42,3.730505714,Snake,053016MC47,5/30/2016,4
40506,YES,168,162,53,1.117758611,Rapid River,2018,2330.63,2190.708665,99,144,45,3.109363,Snake,052418MC3,5/24/2018,4
45650,YES,178,173,71,1.258920605,Cle Elum,2021,2667.4,2423.021,70,146,76.369,3.2,Mid,052621MC27,5/26/2021,4
45802,YES,174,165,57.5,1.091490851,Carson,2021,2365.5,2167.458,117,146,29.006,6.828,Mid,052621MC30,5/26/2021,4
44469,YES,158,156,48.2,1.222012882,Carson,2021,NA,NA,NA,NA,NA,NA,Mid,NA,NA,NA
44507,YES,165,160,48.1,1.07076269,Carson,2021,NA,NA,NA,NA,NA,NA,Mid,NA,NA,NA
44511,YES,155,155,46.3,1.243328502,Carson,2021,2326.9,NA,NA,143,NA,NA,Mid,052321MC3,5/23/2021,4
44520,YES,157.05166,153,41.8,1.079067669,Carson,2021,NA,NA,NA,NA,NA,NA,Mid,NA,NA,NA
44713,YES,148.8443,145,39,1.182681989,Carson,2021,2136.9,2024.7,NA,143,NA,NA,Mid,052321MC9,5/23/2021,4
44784,YES,150,146,36.5,1.081481481,Carson,2021,2183.1,2052.4,NA,144,NA,NA,Mid,052421MC11,5/24/2021,4
44810,YES,165,158,48.3,1.075214943,Carson,2021,2436.7,NA,NA,NA,NA,NA,Mid,NA,NA,NA
44943,YES,168.33678,164,55.2,1.157182979,Carson,2021,NA,NA,NA,NA,NA,NA,Mid,NA,NA,NA
44991,YES,168,162,48,1.012309686,Carson,2021,2409.3,2359.409,NA,144,NA,NA,Mid,052421MC15,5/24/2021,4
45048,YES,163,155,47.5,1.096808472,Carson,2021,NA,NA,NA,NA,NA,NA,Mid,NA,NA,NA
45056,YES,146,137,34.3,1.1021369,Carson,2021,NA,NA,NA,NA,NA,NA,Mid,NA,NA,NA
45085,YES,154,145,39.1,1.070568789,Carson,2021,2208.5,NA,NA,NA,NA,NA,Mid,NA,NA,NA
45110,YES,160,154,41.5,1.013183594,Carson,2021,NA,NA,NA,NA,NA,NA,Mid,NA,NA,NA
45207,YES,160,153,46.7,1.140136737,Carson,2021,2266.2,NA,NA,NA,NA,NA,Mid,NA,NA,NA
45473,YES,152,144,40,1.139014434,Carson,2021,NA,NA,NA,NA,NA,NA,Mid,NA,NA,NA
45476,YES,165.25902,161,50.6,1.121127446,Carson,2021,2416.7,NA,NA,145,NA,NA,Mid,052521MC23,5/25/2021,3
45642,YES,163,153,47.8,1.103735666,Carson,2021,NA,NA,NA,NA,NA,NA,Mid,NA,NA,NA
45649,YES,170,160,52.8,1.074699761,Carson,2021,2457.2,NA,NA,NA,NA,NA,Mid,NA,NA,NA
45804,YES,216,208,104.4,1.03595109,Chief Joseph,2021,3312.8,NA,NA,146,NA,NA,Upper,052621MC30,5/26/2021,3
44427,YES,142,137,22.9,0.79977982,Clearwater,2021,NA,NA,NA,NA,NA,NA,Snake,NA,NA,NA
44474,YES,136,133,22.6,0.898445466,Clearwater,2021,2377.7,NA,NA,NA,NA,NA,Snake,NA,NA,NA
44475,YES,169,167,37.5,0.776910791,Clearwater,2021,2695.1,2666.698,NA,143,NA,NA,Snake,052321MC3,5/23/2021,4
44489,YES,142,137,24.1,0.841689707,Clearwater,2021,2494.5,NA,NA,NA,NA,NA,Snake,NA,NA,NA
44522,YES,148.8443,145,34.5,1.046218683,Clearwater,2021,NA,NA,NA,NA,NA,NA,Snake,NA,NA,NA
44527,YES,150.89614,147,34.8,1.012849325,Clearwater,2021,2503.4,NA,NA,NA,NA,NA,Snake,NA,NA,NA
44536,YES,144.74062,141,27.9,0.92009551,Clearwater,2021,2522.5,NA,NA,NA,NA,NA,Snake,NA,NA,NA
44549,YES,148.8443,145,32.8,0.994665855,Clearwater,2021,2635.5,NA,NA,NA,NA,NA,Snake,NA,NA,NA
44562,YES,143.7147,140,28.1,0.94667901,Clearwater,2021,2386.1,NA,NA,NA,NA,NA,Snake,NA,NA,NA
44797,YES,166,162,41.2,0.900685062,Clearwater,2021,2560.1,2523.161,NA,144,NA,NA,Snake,052421MC11,5/24/2021,3
44915,YES,158,152,37.9,0.960877373,Clearwater,2021,2480.3,NA,NA,NA,NA,NA,Snake,NA,NA,NA
45020,YES,154.99982,151,36,0.966738288,Clearwater,2021,NA,NA,NA,NA,NA,NA,Snake,NA,NA,NA
45031,YES,146.79246,143,33.7,1.065414652,Clearwater,2021,2522.4,NA,NA,NA,NA,NA,Snake,NA,NA,NA
45066,YES,162,153,41,0.964359167,Clearwater,2021,2699.8,NA,NA,NA,NA,NA,Snake,NA,NA,NA
45077,YES,177,170,60.2,1.085617156,Clearwater,2021,NA,NA,NA,NA,NA,NA,Snake,NA,NA,NA
45107,YES,176,NA,50.7,0.929972192,Clearwater,2021,2822.4,NA,NA,NA,NA,NA,Snake,NA,NA,NA
45662,YES,162.18126,158,46.3,1.085372899,Clearwater,2021,2688.3,NA,NA,NA,NA,NA,Snake,NA,NA,NA
45681,YES,170,165,53.3,1.084876842,Clearwater,2021,NA,NA,NA,NA,NA,NA,Snake,NA,NA,NA
45782,YES,160,153,43.3,1.057128888,Clearwater,2021,2570.8,NA,NA,146,NA,NA,Snake,052621MC29,5/26/2021,3
45783,YES,168,162,47.6,1.00387374,Clearwater,2021,2742.8,NA,NA,146,NA,NA,Snake,052621MC29,5/26/2021,4
44385,YES,125.24814,122,16.7,0.849968118,Dworshak,2021,2219.7,NA,NA,NA,NA,NA,Snake,NA,NA,NA
44462,YES,128.3259,125,20.2,0.955891125,Dworshak,2021,2277.3,NA,NA,NA,NA,NA,Snake,NA,NA,NA
44463,YES,129.35182,126,18.7,0.864020393,Dworshak,2021,NA,NA,NA,NA,NA,NA,Snake,NA,NA,NA
44504,YES,152,150,33.8,0.962467175,Dworshak,2021,2368.1,NA,NA,NA,NA,NA,Snake,NA,NA,NA
44505,YES,152,148,33.1,0.9425344,Dworshak,2021,2080.3,NA,NA,NA,NA,NA,Snake,NA,NA,NA
44566,YES,135.50734,132,26.5,1.065019141,Dworshak,2021,2183.5,NA,NA,NA,NA,NA,Snake,NA,NA,NA
44576,YES,140,137,24.6,0.896501472,Dworshak,2021,NA,NA,NA,NA,NA,NA,Snake,NA,NA,NA
44580,YES,141,140,31.4,1.120139997,Dworshak,2021,2101.7,2035.764,NA,143,NA,NA,Snake,052321MC6,5/23/2021,3
44582,YES,150,NA,30.5,0.903703704,Dworshak,2021,NA,NA,NA,NA,NA,NA,Snake,NA,NA,NA
44595,YES,143,136,30.4,1.039598073,Dworshak,2021,NA,NA,NA,NA,NA,NA,Snake,NA,NA,NA
44793,YES,148,142,32.6,1.0056166,Dworshak,2021,NA,NA,NA,NA,NA,NA,Snake,NA,NA,NA
44831,YES,156.02574,152,41.1,1.08206426,Dworshak,2021,NA,NA,NA,NA,NA,NA,Snake,NA,NA,NA
44976,YES,162,160,44.7,1.051386719,Dworshak,2021,2219.4,NA,NA,144,NA,NA,Snake,052421MC15,5/24/2021,3
44999,YES,158,150,35.9,0.910171445,Dworshak,2021,NA,NA,NA,NA,NA,NA,Snake,NA,NA,NA
45026,YES,143.7147,140,31,1.044378965,Dworshak,2021,2230.7,NA,NA,NA,NA,NA,Snake,NA,NA,NA
45040,YES,148.8443,145,33.8,1.024991034,Dworshak,2021,2273.9,NA,NA,NA,NA,NA,Snake,NA,NA,NA
45052,YES,164,157,40.8,0.924972052,Dworshak,2021,2335.8,NA,NA,NA,NA,NA,Snake,NA,NA,NA
45108,YES,147,140,31.1,0.979057932,Dworshak,2021,2254.8,NA,NA,NA,NA,NA,Snake,NA,NA,NA
45316,YES,155,152,40,1.074149911,Dworshak,2021,NA,NA,NA,NA,NA,NA,Snake,NA,NA,NA
44466,YES,NA,NA,NA,NA,Leavenworth,2021,NA,NA,NA,NA,NA,NA,Upper,NA,NA,NA
44526,YES,134.48142,131,27.2,1.118361113,Leavenworth,2021,NA,NA,NA,NA,NA,NA,Upper,NA,NA,NA
44552,YES,130.37774,127,22.7,1.024272531,Leavenworth,2021,2274,2216.935,NA,143,NA,NA,Upper,052321MC3,5/23/2021,4
44997,YES,151,145,38.5,1.118226777,Leavenworth,2021,NA,NA,NA,NA,NA,NA,Upper,NA,NA,NA
44477,YES,140,138,31,1.129737609,Little White Salmon,2021,2223.9,NA,NA,143,NA,NA,Mid,052321MC3,5/23/2021,4
44542,YES,149.87022,146,37.6,1.11697073,Little White Salmon,2021,NA,NA,NA,NA,NA,NA,Mid,NA,NA,NA
44545,YES,151.92206,148,29.4,0.838464738,Little White Salmon,2021,NA,NA,NA,NA,NA,NA,Mid,NA,NA,NA
44547,YES,151.92206,148,37.9,1.08087807,Little White Salmon,2021,NA,NA,NA,NA,NA,NA,Mid,NA,NA,NA
44597,YES,150,148,33.5,0.992592593,Little White Salmon,2021,2509,NA,NA,NA,NA,NA,Mid,NA,NA,NA
44606,YES,145.76654,142,37.3,1.204301666,Little White Salmon,2021,2309.6,2260.952,NA,143,NA,NA,Mid,052321MC8,5/23/2021,3
44662,YES,195,190,78.8,1.062728678,Little White Salmon,2021,3105,NA,NA,143,NA,NA,Mid,052321MC9,5/23/2021,4
44990,YES,162,156,41.1,0.966711227,Little White Salmon,2021,2590.3,NA,NA,NA,NA,NA,Mid,NA,NA,NA
45039,YES,149.87022,146,33.4,0.992202809,Little White Salmon,2021,2548.6,NA,NA,NA,NA,NA,Mid,NA,NA,NA
45044,YES,145.76654,142,38.3,1.236588575,Little White Salmon,2021,NA,NA,NA,NA,NA,NA,Mid,NA,NA,NA
45104,YES,163,154,44.7,1.032154517,Little White Salmon,2021,2382.3,NA,NA,NA,NA,NA,Mid,NA,NA,NA
45193,YES,150,145,34.8,1.031111089,Little White Salmon,2021,2445.3,NA,NA,NA,NA,NA,Mid,NA,NA,NA
45314,YES,168,163,54.7,1.153611262,Little White Salmon,2021,NA,NA,NA,NA,NA,NA,Mid,NA,NA,NA
45475,YES,167.31086,163,56.2,1.199952146,Little White Salmon,2021,NA,NA,NA,NA,NA,NA,Mid,NA,NA,NA
45596,YES,169,162,53.4,1.106320999,Little White Salmon,2021,2357.3,NA,NA,146,NA,NA,Mid,052621MC25,5/26/2021,4
45629,YES,165,162,48.5,1.079667195,Little White Salmon,2021,2423.8,2268.931,NA,146,NA,NA,Mid,052621MC26,5/26/2021,4
45645,YES,156,147,45,1.185328478,Little White Salmon,2021,2392.7,NA,NA,146,NA,NA,Mid,052621MC27,5/26/2021,4
45648,YES,170,160,48.1,0.979035182,Little White Salmon,2021,2655.2,NA,NA,NA,NA,NA,Mid,NA,NA,NA
45680,YES,180,172,68,1.165980796,Little White Salmon,2021,2558.4,NA,NA,NA,NA,NA,Mid,NA,NA,NA
45693,YES,166,161,50.5,1.103995019,Little White Salmon,2021,NA,NA,NA,NA,NA,NA,Mid,NA,NA,NA
45801,YES,171,163,54.2,1.083954272,Little White Salmon,2021,NA,NA,NA,NA,NA,NA,Mid,NA,NA,NA
44430,YES,140,138,23.6,0.860058323,McCall,2021,NA,NA,NA,NA,NA,NA,Snake,NA,NA,NA
44479,YES,151,146,34.1,0.990429387,McCall,2021,2287,NA,NA,NA,NA,NA,Snake,NA,NA,NA
44556,YES,148.8443,145,32.2,0.976470794,McCall,2021,2446.3,2316.565,NA,143,NA,NA,Snake,052321MC3,5/23/2021,4
44782,YES,148.8443,145,37.7,1.143259279,McCall,2021,2518.6,NA,NA,NA,NA,NA,Snake,NA,NA,NA
44791,YES,165,158,38.2,0.850377066,McCall,2021,2826.6,NA,NA,NA,NA,NA,Snake,NA,NA,NA
45074,YES,161,153,39,0.934516511,McCall,2021,2312.8,NA,NA,NA,NA,NA,Snake,NA,NA,NA
44512,YES,160,155,46.7,1.140136737,Parkdale,2021,NA,NA,NA,NA,NA,NA,Mid,NA,NA,NA
44589,YES,149,143,32.1,0.970389763,Parkdale,2021,2179.1,NA,NA,NA,NA,NA,Mid,NA,NA,NA
44812,YES,170,162,49.5,1.00753104,Parkdale,2021,NA,NA,NA,NA,NA,NA,Mid,NA,NA,NA
45478,YES,166.28494,162,54.3,1.180975993,Parkdale,2021,2365.8,NA,NA,145,NA,NA,Mid,052521MC23,5/25/2021,4
45677,YES,173,NA,56.2,1.085420481,Parkdale,2021,NA,NA,NA,NA,NA,NA,Mid,NA,NA,NA
44432,YES,145,142,24.8,0.813481463,Rapid River,2021,NA,NA,NA,NA,NA,NA,Snake,NA,NA,NA
44481,YES,156,150,35.9,0.945628759,Rapid River,2021,NA,NA,NA,NA,NA,NA,Snake,NA,NA,NA
44530,YES,148.8443,145,35.2,1.067446331,Rapid River,2021,NA,NA,NA,NA,NA,NA,Snake,NA,NA,NA
44531,YES,137.55918,134,24.6,0.945075226,Rapid River,2021,NA,NA,NA,NA,NA,NA,Snake,NA,NA,NA
44541,YES,149.87022,146,33.1,0.983290717,Rapid River,2021,NA,NA,NA,NA,NA,NA,Snake,NA,NA,NA
44590,YES,165,160,38.5,0.857055403,Rapid River,2021,2622.4,NA,NA,NA,NA,NA,Snake,NA,NA,NA
44593,YES,149,145,28.5,0.861561046,Rapid River,2021,2426.6,NA,NA,NA,NA,NA,Snake,NA,NA,NA
44602,YES,156,153,36.5,0.961433099,Rapid River,2021,NA,NA,NA,NA,NA,NA,Snake,NA,NA,NA
44661,YES,150,146,31.5,0.933333333,Rapid River,2021,2582.6,NA,NA,NA,NA,NA,Snake,NA,NA,NA
44970,YES,160,153,41.8,1.020507794,Rapid River,2021,NA,NA,NA,NA,NA,NA,Snake,NA,NA,NA
44978,YES,143,138,29.8,1.019079677,Rapid River,2021,NA,NA,NA,NA,NA,NA,Snake,NA,NA,NA
44988,YES,168,163,47.4,0.999655847,Rapid River,2021,NA,NA,NA,NA,NA,NA,Snake,NA,NA,NA
44992,YES,168,160,49.8,1.050271283,Rapid River,2021,NA,NA,NA,NA,NA,NA,Snake,NA,NA,NA
45027,YES,172.44046,168,53.7,1.047265444,Rapid River,2021,2650.4,NA,NA,NA,NA,NA,Snake,NA,NA,NA
45063,YES,166,159,44.4,0.970641199,Rapid River,2021,NA,NA,NA,NA,NA,NA,Snake,NA,NA,NA
45088,YES,161,155,48,1.150174168,Rapid River,2021,NA,NA,NA,NA,NA,NA,Snake,NA,NA,NA
45736,YES,166.28494,162,53.3,1.159226895,Rapid River,2021,NA,NA,NA,NA,NA,NA,Snake,NA,NA,NA
44446,YES,135.50734,132,24.7,0.992678249,Sawtooth,2021,NA,NA,NA,NA,NA,NA,Snake,NA,NA,NA
44483,YES,145,140,26.1,0.856123675,Sawtooth,2021,NA,NA,NA,NA,NA,NA,Snake,NA,NA,NA
44524,YES,146.79246,143,33.7,1.065414652,Sawtooth,2021,2362.5,NA,NA,NA,NA,NA,Snake,NA,NA,NA
45002,YES,182,174,66.9,1.109716296,Walla Walla,2021,2918.5,2756.651,NA,144,NA,NA,Mid,052421MC15,5/24/2021,4
45041,YES,135.50734,132,26.6,1.069038097,Walla Walla,2021,NA,NA,NA,NA,NA,NA,Mid,NA,NA,NA
45682,YES,176,170,65.5,1.201443346,Walla Walla,2021,NA,NA,NA,NA,NA,NA,Mid,NA,NA,NA
45702,YES,200,195,100.3,1.253750038,Walla Walla,2021,3117,NA,NA,NA,NA,NA,Mid,NA,NA,NA
44448,NO,114.98894,112,14.3,0.940519559,Wild,2021,NA,NA,NA,NA,NA,NA,Wild,NA,NA,NA
44485,NO,154,150,32.9,0.900811155,Wild,2021,NA,NA,NA,NA,NA,NA,Wild,NA,NA,NA
44529,NO,149.87022,146,37.4,1.111029487,Wild,2021,NA,NA,NA,NA,NA,NA,Wild,NA,NA,NA
44548,NO,118.0667,115,17.2,1.045071951,Wild,2021,NA,NA,NA,NA,NA,NA,Wild,NA,NA,NA
44653,NO,160,155,44.5,1.086425781,Wild,2021,NA,NA,NA,NA,NA,NA,Wild,NA,NA,NA
45470,NO,188,177,74.5,1.12119906,Wild,2021,2427.9,NA,NA,145,NA,NA,Wild,052521MC23,5/25/2021,4
45737,NO,151.92206,148,45.1,1.286216289,Wild,2021,2160.9,NA,NA,146,NA,NA,Wild,052621MC28,5/26/2021,4
44444,YES,143.7147,140,26,0.875930745,Winthrop,2021,2555.1,NA,NA,NA,NA,NA,Upper,NA,NA,NA
44454,YES,134.48142,131,24.6,1.011458935,Winthrop,2021,NA,NA,NA,NA,NA,NA,Upper,NA,NA,NA
44491,YES,150,145,33.2,0.983703726,Winthrop,2021,NA,NA,NA,NA,NA,NA,Upper,NA,NA,NA
44551,YES,153.9739,150,37.9,1.038240335,Winthrop,2021,NA,NA,NA,NA,NA,NA,Upper,NA,NA,NA
